Number,Owned,Doubles,Type,Name,Country,Equipe,Fav?,Top 3
1,FALSE,,Logo,,,,,
2,FALSE,,Logo,,,,,
3,FALSE,,Logo,,,,,
4,FALSE,,Logo,,,,,
5,FALSE,,Logo,,,ALPECIN-DECEUNINCK,,
6,FALSE,,Coureur,,,ALPECIN-DECEUNINCK,,
7,FALSE,,Coureur,,,ALPECIN-DECEUNINCK,,
8,FALSE,,Coureur,,,ALPECIN-DECEUNINCK,,
9,FALSE,,Coureur,,,ALPECIN-DECEUNINCK,,
10,FALSE,,Coureur,,,ALPECIN-DECEUNINCK,,
11,FALSE,,Maillot,,,ALPECIN-DECEUNINCK,,
12,FALSE,,Vélo,,,ALPECIN-DECEUNINCK,,
13,FALSE,,Coureur,,,ALPECIN-DECEUNINCK,,
14,FALSE,,Coureur,,,ALPECIN-DECEUNINCK,,
15,FALSE,,Coureur,,,ALPECIN-DECEUNINCK,,
16,FALSE,,Coureur,,,ALPECIN-DECEUNINCK,,
17,FALSE,,Coureur,,,ALPECIN-DECEUNINCK,,
18,FALSE,,Logo,,,ARKEA-B&B HOTELS,,
19,FALSE,,Coureur,,,ARKEA-B&B HOTELS,,
20,FALSE,,Coureur,,,ARKEA-B&B HOTELS,,
21,FALSE,,Coureur,,,ARKEA-B&B HOTELS,,
22,FALSE,,Coureur,,,ARKEA-B&B HOTELS,,
23,FALSE,,Coureur,,,ARKEA-B&B HOTELS,,
24,FALSE,,Maillot,,,ARKEA-B&B HOTELS,,
25,FALSE,,Vélo,,,ARKEA-B&B HOTELS,,
26,FALSE,,Coureur,,,ARKEA-B&B HOTELS,,
27,FALSE,,Coureur,,,ARKEA-B&B HOTELS,,
28,FALSE,,Coureur,,,ARKEA-B&B HOTELS,,
29,TRUE,,Coureur,Alessandro Verre,ITA,ARKEA-B&B HOTELS,,
30,FALSE,,Coureur,,,ARKEA-B&B HOTELS,,
31,FALSE,,Logo,,,BAHRAIN VICTORIOUS,,
32,FALSE,,Coureur,,,BAHRAIN VICTORIOUS,,
33,FALSE,,Coureur,,,BAHRAIN VICTORIOUS,,
34,FALSE,,Coureur,,,BAHRAIN VICTORIOUS,,
35,FALSE,,Coureur,,,BAHRAIN VICTORIOUS,,
36,FALSE,,Coureur,,,BAHRAIN VICTORIOUS,,
37,FALSE,,Maillot,,,BAHRAIN VICTORIOUS,,
38,FALSE,,Vélo,,,BAHRAIN VICTORIOUS,,
39,FALSE,,Coureur,,,BAHRAIN VICTORIOUS,,
40,FALSE,,Coureur,,,BAHRAIN VICTORIOUS,,
41,FALSE,,Coureur,,,BAHRAIN VICTORIOUS,,
42,FALSE,,Coureur,,,BAHRAIN VICTORIOUS,,
43,FALSE,,Coureur,,,BAHRAIN VICTORIOUS,,
44,FALSE,,Logo,,,COFIDIS,,
45,FALSE,,Coureur,,,COFIDIS,,
46,FALSE,,Coureur,,,COFIDIS,,
47,FALSE,,Coureur,,,COFIDIS,,
48,FALSE,,Coureur,,,COFIDIS,,
49,FALSE,,Coureur,,,COFIDIS,,
50,FALSE,,Maillot,,,COFIDIS,,
51,FALSE,,Vélo,,,COFIDIS,,
52,FALSE,,Coureur,,,COFIDIS,,
53,FALSE,,Coureur,,,COFIDIS,,
54,FALSE,,Coureur,,,COFIDIS,,
55,FALSE,,Coureur,,,COFIDIS,,
56,FALSE,,Coureur,,,COFIDIS,,
57,FALSE,,Logo,,,DECATHLON AG2R LA MONDIALE TEAM,,
58,FALSE,,Coureur,,,DECATHLON AG2R LA MONDIALE TEAM,,
59,FALSE,,Coureur,,,DECATHLON AG2R LA MONDIALE TEAM,,
60,FALSE,,Coureur,,,DECATHLON AG2R LA MONDIALE TEAM,,
61,FALSE,,Coureur,,,DECATHLON AG2R LA MONDIALE TEAM,,
62,FALSE,,Coureur,,,DECATHLON AG2R LA MONDIALE TEAM,,
63,FALSE,,Maillot,,,DECATHLON AG2R LA MONDIALE TEAM,,
64,FALSE,,Vélo,,,DECATHLON AG2R LA MONDIALE TEAM,,
65,FALSE,,Coureur,,,DECATHLON AG2R LA MONDIALE TEAM,,
66,FALSE,,Coureur,,,DECATHLON AG2R LA MONDIALE TEAM,,
67,FALSE,,Coureur,,,DECATHLON AG2R LA MONDIALE TEAM,,
68,TRUE,,Coureur,Dries De Bondt,BEL,DECATHLON AG2R LA MONDIALE TEAM,,
69,FALSE,,Coureur,,,DECATHLON AG2R LA MONDIALE TEAM,,
70,FALSE,,Logo,,,EF EDUCATION - EASYPOST,,
71,FALSE,,Coureur,,,EF EDUCATION - EASYPOST,,
72,FALSE,,Coureur,,,EF EDUCATION - EASYPOST,,
73,FALSE,,Coureur,,,EF EDUCATION - EASYPOST,,
74,FALSE,,Coureur,,,EF EDUCATION - EASYPOST,,
75,FALSE,,Coureur,,,EF EDUCATION - EASYPOST,,
76,FALSE,,Maillot,,,EF EDUCATION - EASYPOST,,
77,FALSE,,Vélo,,,EF EDUCATION - EASYPOST,,
78,FALSE,,Coureur,,,EF EDUCATION - EASYPOST,,
79,FALSE,,Coureur,,,EF EDUCATION - EASYPOST,,
80,FALSE,,Coureur,,,EF EDUCATION - EASYPOST,,
81,FALSE,,Coureur,,,EF EDUCATION - EASYPOST,,
82,FALSE,,Coureur,,,EF EDUCATION - EASYPOST,,
83,FALSE,,Logo,,,GROUPAMA-FDJ,,
84,FALSE,,Coureur,,,GROUPAMA-FDJ,,
85,TRUE,,Coureur,Lewis Askey,GBR,GROUPAMA-FDJ,⭐,2
86,FALSE,,Coureur,,,GROUPAMA-FDJ,,
87,FALSE,,Coureur,,,GROUPAMA-FDJ,,
88,FALSE,,Coureur,,,GROUPAMA-FDJ,,
89,FALSE,,Maillot,,,GROUPAMA-FDJ,,
90,FALSE,,Vélo,,,GROUPAMA-FDJ,,
91,FALSE,,Coureur,,,GROUPAMA-FDJ,,
92,FALSE,,Coureur,,,GROUPAMA-FDJ,,
93,FALSE,,Coureur,,,GROUPAMA-FDJ,,
94,FALSE,,Coureur,,,GROUPAMA-FDJ,,
95,FALSE,,Coureur,,,GROUPAMA-FDJ,,
96,FALSE,,Logo,,,INEOS GRENADIERS,,
97,FALSE,,Coureur,,,INEOS GRENADIERS,,
98,FALSE,,Coureur,,,INEOS GRENADIERS,,
99,FALSE,,Coureur,,,INEOS GRENADIERS,,
100,FALSE,,Coureur,,,INEOS GRENADIERS,,
101,TRUE,,Coureur,Salvatore Puccio,ITA,INEOS GRENADIERS,,
102,FALSE,,Maillot,,,INEOS GRENADIERS,,
103,FALSE,,Vélo,,,INEOS GRENADIERS,,
104,FALSE,,Coureur,,,INEOS GRENADIERS,,
105,FALSE,,Coureur,,,INEOS GRENADIERS,,
106,FALSE,,Coureur,,,INEOS GRENADIERS,,
107,FALSE,,Coureur,,,INEOS GRENADIERS,,
108,FALSE,,Coureur,,,INEOS GRENADIERS,,
109,FALSE,,Logo,,,INTERMARCHÉ | WANTY,,
110,FALSE,,Coureur,,,INTERMARCHÉ | WANTY,,
111,FALSE,,Coureur,,,INTERMARCHÉ | WANTY,,
112,TRUE,,Coureur,Kevin Colleoni,ITA,INTERMARCHÉ | WANTY,,
113,FALSE,,Coureur,,,INTERMARCHÉ | WANTY,,
114,FALSE,,Coureur,,,INTERMARCHÉ | WANTY,,
115,FALSE,,Maillot,,,INTERMARCHÉ | WANTY,,
116,FALSE,,Vélo,,,INTERMARCHÉ | WANTY,,
117,FALSE,,Coureur,,,INTERMARCHÉ | WANTY,,
118,FALSE,,Coureur,,,INTERMARCHÉ | WANTY,,
119,FALSE,,Coureur,,,INTERMARCHÉ | WANTY,,
120,FALSE,,Coureur,,,INTERMARCHÉ | WANTY,,
121,TRUE,,Coureur,Taco Van Der Hoorn,NED,INTERMARCHÉ | WANTY,,
122,FALSE,,Logo,,,ISRAEL-PREMIER TECH,,
123,TRUE,,Coureur,Derek Gee,CAN,ISRAEL-PREMIER TECH,,
124,FALSE,,Coureur,,,ISRAEL-PREMIER TECH,,
125,FALSE,,Coureur,,,ISRAEL-PREMIER TECH,,
126,FALSE,,Coureur,,,ISRAEL-PREMIER TECH,,
127,FALSE,,Coureur,,,ISRAEL-PREMIER TECH,,
128,FALSE,,Maillot,,,ISRAEL-PREMIER TECH,,
129,FALSE,,Vélo,,,ISRAEL-PREMIER TECH,,
130,FALSE,,Coureur,,,ISRAEL-PREMIER TECH,,
131,FALSE,,Coureur,,,ISRAEL-PREMIER TECH,,
132,FALSE,,Coureur,,,ISRAEL-PREMIER TECH,,
133,FALSE,,Coureur,,,ISRAEL-PREMIER TECH,,
134,FALSE,,Coureur,,,ISRAEL-PREMIER TECH,,
135,FALSE,,Logo,,,LIDL - TREK,,
136,FALSE,,Coureur,,,LIDL - TREK,,
137,FALSE,,Coureur,,,LIDL - TREK,,
138,FALSE,,Coureur,,,LIDL - TREK,,
139,FALSE,,Coureur,,,LIDL - TREK,,
140,FALSE,,Coureur,,,LIDL - TREK,,
141,FALSE,,Maillot,,,LIDL - TREK,,
142,FALSE,,Vélo,,,LIDL - TREK,,
143,FALSE,,Coureur,,,LIDL - TREK,,
144,FALSE,,Coureur,,,LIDL - TREK,,
145,FALSE,,Coureur,,,LIDL - TREK,,
146,FALSE,,Coureur,,,LIDL - TREK,,
147,FALSE,,Coureur,,,LIDL - TREK,,
148,FALSE,,Logo,,,MOVISTAR TEAM,,
149,FALSE,,Coureur,,,MOVISTAR TEAM,,
150,FALSE,,Coureur,,,MOVISTAR TEAM,,
151,FALSE,,Coureur,,,MOVISTAR TEAM,,
152,FALSE,,Coureur,,,MOVISTAR TEAM,,
153,FALSE,,Coureur,,,MOVISTAR TEAM,,
154,FALSE,,Maillot,,,MOVISTAR TEAM,,
155,FALSE,,Vélo,,,MOVISTAR TEAM,,
156,FALSE,,Coureur,,,MOVISTAR TEAM,,
157,FALSE,,Coureur,,,MOVISTAR TEAM,,
158,FALSE,,Coureur,,,MOVISTAR TEAM,,
159,FALSE,,Coureur,,,MOVISTAR TEAM,,
160,FALSE,,Coureur,,,MOVISTAR TEAM,,
161,TRUE,,Logo,Logo Q36.5,,Q36.5 PRO CYCLING TEAM,,
162,FALSE,,Coureur,,,Q36.5 PRO CYCLING TEAM,,
163,FALSE,,Coureur,,,Q36.5 PRO CYCLING TEAM,,
164,FALSE,,Coureur,,,Q36.5 PRO CYCLING TEAM,,
165,FALSE,,Coureur,,,Q36.5 PRO CYCLING TEAM,,
166,FALSE,,Coureur,,,Q36.5 PRO CYCLING TEAM,,
167,FALSE,,Maillot,,,Q36.5 PRO CYCLING TEAM,,
168,FALSE,,Vélo,,,Q36.5 PRO CYCLING TEAM,,
169,FALSE,,Coureur,,,Q36.5 PRO CYCLING TEAM,,
170,FALSE,,Coureur,,,Q36.5 PRO CYCLING TEAM,,
171,FALSE,,Coureur,,,Q36.5 PRO CYCLING TEAM,,
172,FALSE,,Coureur,,,Q36.5 PRO CYCLING TEAM,,
173,FALSE,,Coureur,,,Q36.5 PRO CYCLING TEAM,,
174,FALSE,,Logo,,,RED BULL - BORA - HANSGROHE,,
175,FALSE,,Coureur,,,RED BULL - BORA - HANSGROHE,,
176,TRUE,,Coureur,Daniel Felipe Martinez,COL,RED BULL - BORA - HANSGROHE,,
177,FALSE,,Coureur,,,RED BULL - BORA - HANSGROHE,,
178,FALSE,,Coureur,,,RED BULL - BORA - HANSGROHE,,
179,FALSE,,Coureur,,,RED BULL - BORA - HANSGROHE,,
180,FALSE,,Maillot,,,RED BULL - BORA - HANSGROHE,,
181,FALSE,,Vélo,,,RED BULL - BORA - HANSGROHE,,
182,FALSE,,Coureur,,,RED BULL - BORA - HANSGROHE,,
183,FALSE,,Coureur,,,RED BULL - BORA - HANSGROHE,,
184,FALSE,,Coureur,,,RED BULL - BORA - HANSGROHE,,
185,FALSE,,Coureur,,,RED BULL - BORA - HANSGROHE,,
186,FALSE,,Coureur,,,RED BULL - BORA - HANSGROHE,,
187,FALSE,,Logo,,,SOUDAL QUICK-STEP,,
188,FALSE,,Coureur,,,SOUDAL QUICK-STEP,,
189,FALSE,,Coureur,,,SOUDAL QUICK-STEP,,
190,FALSE,,Coureur,,,SOUDAL QUICK-STEP,,
191,FALSE,,Coureur,,,SOUDAL QUICK-STEP,,
192,FALSE,,Coureur,,,SOUDAL QUICK-STEP,,
193,FALSE,,Maillot,,,SOUDAL QUICK-STEP,,
194,FALSE,,Vélo,,,SOUDAL QUICK-STEP,,
195,FALSE,,Coureur,,,SOUDAL QUICK-STEP,,
196,FALSE,,Coureur,,,SOUDAL QUICK-STEP,,
197,TRUE,,Coureur,Pieter Serry,BEL,SOUDAL QUICK-STEP,,
198,FALSE,,Coureur,,,SOUDAL QUICK-STEP,,
199,FALSE,,Coureur,,,SOUDAL QUICK-STEP,,
200,FALSE,,Logo,,,TEAM JAYCO ALULA,,
201,FALSE,,Coureur,,,TEAM JAYCO ALULA,,
202,FALSE,,Coureur,,,TEAM JAYCO ALULA,,
203,TRUE,,Coureur,Filippo Zana,ITA,TEAM JAYCO ALULA,,
204,FALSE,,Coureur,,,TEAM JAYCO ALULA,,
205,FALSE,,Coureur,,,TEAM JAYCO ALULA,,
206,FALSE,,Maillot,,,TEAM JAYCO ALULA,,
207,FALSE,,Vélo,,,TEAM JAYCO ALULA,,
208,FALSE,,Coureur,,,TEAM JAYCO ALULA,,
209,FALSE,,Coureur,,,TEAM JAYCO ALULA,,
210,FALSE,,Coureur,,,TEAM JAYCO ALULA,,
211,FALSE,,Coureur,,,TEAM JAYCO ALULA,,
212,FALSE,,Coureur,,,TEAM JAYCO ALULA,,
213,FALSE,,Logo,,,TEAM PICNIC POSTNL,,
214,FALSE,,Coureur,,,TEAM PICNIC POSTNL,,
215,FALSE,,Coureur,,,TEAM PICNIC POSTNL,,
216,FALSE,,Coureur,,,TEAM PICNIC POSTNL,,
217,FALSE,,Coureur,,,TEAM PICNIC POSTNL,,
218,FALSE,,Coureur,,,TEAM PICNIC POSTNL,,
219,FALSE,,Maillot,,,TEAM PICNIC POSTNL,,
220,FALSE,,Vélo,,,TEAM PICNIC POSTNL,,
221,FALSE,,Coureur,,,TEAM PICNIC POSTNL,,
222,FALSE,,Coureur,,,TEAM PICNIC POSTNL,,
223,FALSE,,Coureur,,,TEAM PICNIC POSTNL,,
224,FALSE,,Coureur,,,TEAM PICNIC POSTNL,,
225,FALSE,,Coureur,,,TEAM PICNIC POSTNL,,
226,FALSE,,Logo,,,TEAM POLTI VISITMALTA,,
227,FALSE,,Coureur,,,TEAM POLTI VISITMALTA,,
228,FALSE,,Coureur,,,TEAM POLTI VISITMALTA,,
229,FALSE,,Coureur,,,TEAM POLTI VISITMALTA,,
230,FALSE,,Coureur,,,TEAM POLTI VISITMALTA,,
231,FALSE,,Coureur,,,TEAM POLTI VISITMALTA,,
232,FALSE,,Maillot,,,TEAM POLTI VISITMALTA,,
233,TRUE,,Vélo,Velo Polti,,TEAM POLTI VISITMALTA,,
234,FALSE,,Coureur,,,TEAM POLTI VISITMALTA,,
235,FALSE,,Coureur,,,TEAM POLTI VISITMALTA,,
236,FALSE,,Coureur,,,TEAM POLTI VISITMALTA,,
237,FALSE,,Coureur,,,TEAM POLTI VISITMALTA,,
238,FALSE,,Coureur,,,TEAM POLTI VISITMALTA,,
239,FALSE,,Logo,,,TEAM VISMA | LEASE A BIKE,,
240,TRUE,,Coureur,Wout Van Aert,BEL,TEAM VISMA | LEASE A BIKE,⭐,1
241,FALSE,,Coureur,,,TEAM VISMA | LEASE A BIKE,,
242,FALSE,,Coureur,,,TEAM VISMA | LEASE A BIKE,,
243,FALSE,,Coureur,,,TEAM VISMA | LEASE A BIKE,,
244,FALSE,,Coureur,,,TEAM VISMA | LEASE A BIKE,,
245,FALSE,,Maillot,,,TEAM VISMA | LEASE A BIKE,,
246,FALSE,,Vélo,,,TEAM VISMA | LEASE A BIKE,,
247,FALSE,,Coureur,,,TEAM VISMA | LEASE A BIKE,,
248,FALSE,,Coureur,,,TEAM VISMA | LEASE A BIKE,,
249,FALSE,,Coureur,,,TEAM VISMA | LEASE A BIKE,,
250,FALSE,,Coureur,,,TEAM VISMA | LEASE A BIKE,,
251,FALSE,,Coureur,,,TEAM VISMA | LEASE A BIKE,,
252,FALSE,,Logo,,,TUDOR PRO CYCLING TEAM,,
253,FALSE,,Coureur,,,TUDOR PRO CYCLING TEAM,,
254,FALSE,,Coureur,,,TUDOR PRO CYCLING TEAM,,
255,FALSE,,Coureur,,,TUDOR PRO CYCLING TEAM,,
256,FALSE,,Coureur,,,TUDOR PRO CYCLING TEAM,,
257,FALSE,,Coureur,,,TUDOR PRO CYCLING TEAM,,
258,FALSE,,Maillot,,,TUDOR PRO CYCLING TEAM,,
259,FALSE,,Vélo,,,TUDOR PRO CYCLING TEAM,,
260,FALSE,,Coureur,,,TUDOR PRO CYCLING TEAM,,
261,TRUE,,Coureur,Florian Stork,GER,TUDOR PRO CYCLING TEAM,,
262,FALSE,,Coureur,,,TUDOR PRO CYCLING TEAM,,
263,FALSE,,Coureur,,,TUDOR PRO CYCLING TEAM,,
264,FALSE,,Coureur,,,TUDOR PRO CYCLING TEAM,,
265,FALSE,,Logo,,,UAE TEAM EMIRATES - XRG,,
266,FALSE,,Coureur,,,UAE TEAM EMIRATES - XRG,,
267,FALSE,,Coureur,,,UAE TEAM EMIRATES - XRG,,
268,FALSE,,Coureur,,,UAE TEAM EMIRATES - XRG,,
269,FALSE,,Coureur,,,UAE TEAM EMIRATES - XRG,,
270,FALSE,,Coureur,,,UAE TEAM EMIRATES - XRG,,
271,FALSE,,Maillot,,,UAE TEAM EMIRATES - XRG,,
272,FALSE,,Vélo,,,UAE TEAM EMIRATES - XRG,,
273,FALSE,,Coureur,,,UAE TEAM EMIRATES - XRG,,
274,FALSE,,Coureur,,,UAE TEAM EMIRATES - XRG,,
275,FALSE,,Coureur,,,UAE TEAM EMIRATES - XRG,,
276,FALSE,,Coureur,,,UAE TEAM EMIRATES - XRG,,
277,FALSE,,Coureur,,,UAE TEAM EMIRATES - XRG,,
278,FALSE,,Logo,,,VF GROUP BARDIANI CSF-FAIZANE,,
279,FALSE,,Coureur,,,VF GROUP BARDIANI CSF-FAIZANE,,
280,FALSE,,Coureur,,,VF GROUP BARDIANI CSF-FAIZANE,,
281,FALSE,,Coureur,,,VF GROUP BARDIANI CSF-FAIZANE,,
282,FALSE,,Coureur,,,VF GROUP BARDIANI CSF-FAIZANE,,
283,FALSE,,Coureur,,,VF GROUP BARDIANI CSF-FAIZANE,,
284,FALSE,,Maillot,,,VF GROUP BARDIANI CSF-FAIZANE,,
285,FALSE,,Vélo,,,VF GROUP BARDIANI CSF-FAIZANE,,
286,FALSE,,Coureur,,,VF GROUP BARDIANI CSF-FAIZANE,,
287,FALSE,,Coureur,,,VF GROUP BARDIANI CSF-FAIZANE,,
288,FALSE,,Coureur,,,VF GROUP BARDIANI CSF-FAIZANE,,
289,FALSE,,Coureur,,,VF GROUP BARDIANI CSF-FAIZANE,,
290,FALSE,,Coureur,,,VF GROUP BARDIANI CSF-FAIZANE,,
291,FALSE,,Logo,,,XDS ASTANA TEAM,,
292,FALSE,,Coureur,,,XDS ASTANA TEAM,,
293,FALSE,,Coureur,,,XDS ASTANA TEAM,,
294,FALSE,,Coureur,,,XDS ASTANA TEAM,,
295,FALSE,,Coureur,,,XDS ASTANA TEAM,,
296,FALSE,,Coureur,,,XDS ASTANA TEAM,,
297,FALSE,,Maillot,,,XDS ASTANA TEAM,,
298,FALSE,,Vélo,,,XDS ASTANA TEAM,,
299,FALSE,,Coureur,,,XDS ASTANA TEAM,,
300,FALSE,,Coureur,,,XDS ASTANA TEAM,,
301,TRUE,,Coureur,Diego Ulissi,ITA,XDS ASTANA TEAM,,
302,FALSE,,Coureur,,,XDS ASTANA TEAM,,
303,FALSE,,Coureur,,,XDS ASTANA TEAM,,