Number,On a,Doubles,Type,Name,Country,Equipe,Fav?,Top 3
1,TRUE,,Logo,Logo TdF ,,,⭐,
2,TRUE,52,Coureur,Fredreico Bahamontes,,,,
3,TRUE,53,Coureur,Luis Ocana ,,,,
4,TRUE,,Coureur,Pedro Delgado,,,,
5,TRUE,,Coureur,Miguel Indurain ,,,⭐,
6,TRUE,,Coureur,Oscar Pereira,,,,
7,TRUE,47/55,Coureur,Alberto Contador,,,⭐,
8,TRUE,,Coureur,Carlos Sastre,,,,
9,TRUE,,Ville,Barcelone,,,,
10,TRUE,55/78,Ville,Barcelone,,,⭐,
T01,FALSE,,Instantané,,,,,
11,TRUE,,Ville,Tarragone,,,,
T02,FALSE,,Instantané,,,,,
12,TRUE,28,Ville,Les Angles,,,,
T03,FALSE,,Instantané,,,,,
13,TRUE,62/78,Ville,Carcassonne,,,,
T04,FALSE,,Instantané,,,,,
14,FALSE,,Ville,,,,,
T05,FALSE,,Instantané,,,,,
15,TRUE,,Ville,Pau,,,,
T06,FALSE,,Instantané,,,,,
16,FALSE,,Ville,,,,,
T07,FALSE,,Instantané,,,,,
17,TRUE,70,Ville,Perigueux,,,,
T08,FALSE,,Instantané,,,,,
18,TRUE,,Ville,Ussel,,,,
T09,FALSE,,Instantané,,,,,
19,TRUE,35/51,Ville,Aurillac,,,,
T10,FALSE,,Instantané,,,,,
20,TRUE,,Ville,Nevers,,,,
T11,FALSE,,Instantané,,,,,
21,TRUE,65,Ville,Chalon sur Saone,,,,
T12,FALSE,,Instantané,,,,,
22,TRUE,68/77,Ville,Belfort,,,,
T13,FALSE,,Instantané,,,,,
23,TRUE,,Ville,Mulhouse,,,,
T14,FALSE,,Instantané,,,,,
24,TRUE,,Ville,Champagnole,,,,
T15,FALSE,,Instantané,,,,,
25,TRUE,67,Ville,Evian les Bains,,,,
T16,FALSE,,Instantané,,,,,
26,TRUE,,Ville,Voiron,,,,
T17,FALSE,,Instantané,,,,,
27,FALSE,,Ville,,,,,
T18,FALSE,,Instantané,,,,,
28,TRUE,56,Ville,Alpe d'Huez,,,⭐,
T19,FALSE,,Instantané,,,,,
29,TRUE,,Ville,Le bourg d'Oisan,,,⭐,
T20,FALSE,,Instantané,,,,,
30,TRUE,,Ville,Paris,,,⭐,
T21,FALSE,,Instantané,,,,,
T22,FALSE,,Coureur,,,,,
T23,FALSE,,Coureur,,,,,
T24,FALSE,,Coureur,,,,,
T25,FALSE,,Coureur,,,,,
31,FALSE,,Logo,,,ALPECIN-PREMIER TECH,,
32,TRUE,72,Equipe,Team Alpecin,,ALPECIN-PREMIER TECH,,
33,TRUE,,Coureur,Mathieu Van der Poel,NED,ALPECIN-PREMIER TECH,⭐,
34,TRUE,,Coureur,Tibor del grosso ,NED,ALPECIN-PREMIER TECH,,
35,TRUE,,Coureur,Silvan Dillier ,SUI,ALPECIN-PREMIER TECH,,
36,FALSE,,Coureur,,,ALPECIN-PREMIER TECH,,
37,TRUE,,Maillot,Maillot Alpecin,,ALPECIN-PREMIER TECH,,
38,TRUE,,Vélo,Velo Alpecin,,ALPECIN-PREMIER TECH,,
39,TRUE,52/66,Coureur,Jasper Philipsen,BEL,ALPECIN-PREMIER TECH,⭐,
40,TRUE,,Coureur,Jonas Rickaert,BEL,ALPECIN-PREMIER TECH,,
41,FALSE,,Coureur,,,ALPECIN-PREMIER TECH,,
42,TRUE,,Coureur,Emiel Verstrynge,BEL,ALPECIN-PREMIER TECH,,
43,TRUE,44/75,Coureur,Edward Planckaert,BEL,ALPECIN-PREMIER TECH,,
44,TRUE,54/76,Coureur,Florian Senechal,FRA,ALPECIN-PREMIER TECH,,
45,TRUE,56/62/72,Logo,Logo Barhain,,BAHRAIN VICTORIOUS,,
46,TRUE,,Equipe,Team Bahrain ,,BAHRAIN VICTORIOUS,,
47,TRUE,,Coureur,Antonio Tiberi,ITA,BAHRAIN VICTORIOUS,,
48,TRUE,,Coureur,Lenny Martinez,FRA,BAHRAIN VICTORIOUS,,
49,TRUE,,Coureur,Nikias Arndt,,BAHRAIN VICTORIOUS,,
50,TRUE,,Coureur,Phil Bauhaus ,GER,BAHRAIN VICTORIOUS,,
51,TRUE,,Maillot,Maillot Bahrain,,BAHRAIN VICTORIOUS,,
52,TRUE,61,Vélo,Velo Bahrain,,BAHRAIN VICTORIOUS,,
53,TRUE,38,Coureur,Pello Bilbao,ESP,BAHRAIN VICTORIOUS,,
54,FALSE,,Coureur,,,BAHRAIN VICTORIOUS,,
55,TRUE,,Coureur,Kamil Gradek,POL,BAHRAIN VICTORIOUS,,
56,TRUE,,Coureur,Matej Mohoric,SVN,BAHRAIN VICTORIOUS,,
57,FALSE,,Coureur,,,BAHRAIN VICTORIOUS,,
58,TRUE,,Coureur,Attila Valter,HUN,BAHRAIN VICTORIOUS,,
59,TRUE,,Logo,Logo Décathlon ,,DECATHLON CMA CGM TEAM,⭐,
60,TRUE,77,Equipe,Team Decathlon,,DECATHLON CMA CGM TEAM,⭐,
61,FALSE,,Coureur,,,DECATHLON CMA CGM TEAM,,
62,TRUE,79,Coureur,Paul Seixas,FRA,DECATHLON CMA CGM TEAM,⭐,2
63,TRUE,68,Coureur,Tiesj Benoot,BEL,DECATHLON CMA CGM TEAM,,
64,TRUE,73,Coureur,Stefan Bisseger,SUI,DECATHLON CMA CGM TEAM,,
65,FALSE,,Maillot,,,DECATHLON CMA CGM TEAM,,
66,TRUE,,Vélo,Bike Decathlon,,DECATHLON CMA CGM TEAM,⭐,
67,FALSE,,Coureur,,,DECATHLON CMA CGM TEAM,,
68,FALSE,,Coureur,,,DECATHLON CMA CGM TEAM,,
69,TRUE,41,Coureur,Cees Bol,NED,DECATHLON CMA CGM TEAM,,
70,TRUE,,Coureur,Robbe Ghys,BEL,DECATHLON CMA CGM TEAM,,
71,TRUE,,Coureur,Nicolas Prodhomme ,FRA,DECATHLON CMA CGM TEAM,,
72,FALSE,,Coureur,,,DECATHLON CMA CGM TEAM,,
73,TRUE,,Logo,Logo EF,,EF EDUCATION - EASYPOST,,
74,FALSE,,Equipe,,,EF EDUCATION - EASYPOST,,
75,TRUE,63,Coureur,Richard Carapaz,ECU,EF EDUCATION - EASYPOST,⭐,
76,TRUE,58,Coureur,Ben Healy,IRL,EF EDUCATION - EASYPOST,⭐,
77,TRUE,61,Coureur,Alex Baudin,FRA,EF EDUCATION - EASYPOST,,
78,TRUE,,Coureur,Kasper Asgreen,DEN,EF EDUCATION - EASYPOST,,
79,TRUE,,Maillot,Maillot EF,,EF EDUCATION - EASYPOST,,
80,TRUE,46/58,Vélo,Velo EF,,EF EDUCATION - EASYPOST,,
81,FALSE,,Coureur,,,EF EDUCATION - EASYPOST,,
82,FALSE,,Coureur,,,EF EDUCATION - EASYPOST,,
83,TRUE,,Coureur,Harry Sweeny,AUS,EF EDUCATION - EASYPOST,⭐,
84,FALSE,,Coureur,,,EF EDUCATION - EASYPOST,,
85,FALSE,,Coureur,,,EF EDUCATION - EASYPOST,,
86,TRUE,74,Coureur,Mikkel,DEN,EF EDUCATION - EASYPOST,,
87,TRUE,74,Logo,Logo FDJ,,GROUPAMA - FDJ UNITED,,
88,TRUE,62,Equipe,Team Groupama,,GROUPAMA - FDJ UNITED,,
89,FALSE,,Coureur,,,GROUPAMA - FDJ UNITED,,
90,TRUE,71,Coureur,Ewen Costiou,FRA,GROUPAMA - FDJ UNITED,,
91,TRUE,46,Coureur,David Gaudu,FRA,GROUPAMA - FDJ UNITED,⭐,
92,TRUE,,Coureur,Romain Grégoire ,,GROUPAMA - FDJ UNITED,⭐,
93,FALSE,,Maillot,,,GROUPAMA - FDJ UNITED,,
94,TRUE,,Vélo,Vélo FDJ,,GROUPAMA - FDJ UNITED,,
95,TRUE,,Coureur,Thibaud Gruel ,FRA,GROUPAMA - FDJ UNITED,,
96,TRUE,,Coureur,Valentin Madouas ,FRA,GROUPAMA - FDJ UNITED,,
97,TRUE,43,Coureur,Guillaume Martin-Guyonnet,FRA,GROUPAMA - FDJ UNITED,⭐,
98,TRUE,,Coureur,Paul Penhoet,FRA,GROUPAMA - FDJ UNITED,,
99,TRUE,,Coureur,Brieuc Rolland,FRA,GROUPAMA - FDJ UNITED,,
100,TRUE,,Coureur,Bastien Tronchon,FRA,GROUPAMA - FDJ UNITED,,
101,TRUE,,Logo,Logo Ineos ,,INEOS GRENADIERS,,
102,TRUE,79,Equipe,Team Ineos,,INEOS GRENADIERS,,
103,FALSE,,Coureur,,,INEOS GRENADIERS,,
104,TRUE,,Coureur,Kevin Vauquelin,FRA,INEOS GRENADIERS,⭐,
105,TRUE,63,Coureur,Thymen Arensman,NED,INEOS GRENADIERS,⭐,
106,TRUE,80,Coureur,Filippo Ganna,ITA,INEOS GRENADIERS,⭐,
107,TRUE,35,Maillot,Maillot Ineos,,INEOS GRENADIERS,,
108,TRUE,,Vélo,Velo Ineos,,INEOS GRENADIERS,,
109,FALSE,,Coureur,,,INEOS GRENADIERS,,
110,TRUE,38/66,Coureur,Jack Haig,AUS,INEOS GRENADIERS,,
111,TRUE,49,Coureur,Michal Kwiatkowski,POL,INEOS GRENADIERS,,
112,TRUE,60,Coureur,Carlos Rodriguez ,ESP,INEOS GRENADIERS,,
113,TRUE,,Coureur,Josh Tarling,GBR,INEOS GRENADIERS,,
114,TRUE,54,Coureur,Sam Watson,GBR,INEOS GRENADIERS,,
115,TRUE,60,Logo,Logo Lidl ,,LIDL -TREK,,
116,TRUE,31/57/72,Equipe,Team Lidl,,LIDL -TREK,,
117,TRUE,40,Coureur,Juan Ayuso,ESP,LIDL -TREK,⭐,
118,TRUE,,Coureur,Mads Pedersen ,DEN,LIDL -TREK,⭐,
119,TRUE,,Coureur,Mattias Skjelmose,DEN,LIDL -TREK,,
120,TRUE,,Coureur,Giulio Ciccone ,ITA,LIDL -TREK,,
121,TRUE,,Maillot,Maillot Lidl,,LIDL -TREK,,
122,FALSE,,Vélo,,,LIDL -TREK,,
123,TRUE,72,Coureur,Lennard Kamna,GER,LIDL -TREK,,
124,TRUE,74,Coureur,Soren Kragh Andersen ,DEN,LIDL -TREK,,
125,TRUE,56,Coureur,Quinn Simmons,USA,LIDL -TREK,,
126,TRUE,44/76,Coureur,Toms Skujins,LVA,LIDL -TREK,,
127,TRUE,40,Coureur,Mathias Vacek,CZE,LIDL -TREK,,
128,FALSE,,Coureur,,,LIDL -TREK,,
129,TRUE,,Logo,Logo Lotto,,LOTTO - INTERMARCHE,,
130,TRUE,,Equipe,Team Lotto ,,LOTTO - INTERMARCHE,,
131,TRUE,,Coureur,Arnaud de Lie,BEL,LOTTO - INTERMARCHE,,
132,FALSE,,Coureur,,,LOTTO - INTERMARCHE,,
133,TRUE,52,Coureur,Jenno Berckmoes,BEL,LOTTO - INTERMARCHE,,
134,TRUE,67,Coureur,Huub Artz,NED,LOTTO - INTERMARCHE,,
135,TRUE,68,Maillot,Maillot Lotto,,LOTTO - INTERMARCHE,,
136,TRUE,,Vélo,Vélo Lotto,,LOTTO - INTERMARCHE,,
137,TRUE,49,Coureur,Cedric Beullens,BEL,LOTTO - INTERMARCHE,,
138,TRUE,,Coureur,Lars Craps,BEL,LOTTO - INTERMARCHE,,
139,FALSE,,Coureur,,,LOTTO - INTERMARCHE,,
140,TRUE,,Coureur,Georg Zimmermann ,GER,LOTTO - INTERMARCHE,,
141,TRUE,,Coureur,Jasper de Buyst,BEL,LOTTO - INTERMARCHE,,
142,TRUE,51,Coureur,Luca Van Boven,BEL,LOTTO - INTERMARCHE,,
143,FALSE,,Logo,,,MOVISTAR TEAM,,
144,FALSE,,Equipe,,,MOVISTAR TEAM,,
145,FALSE,,Coureur,,,MOVISTAR TEAM,,
146,TRUE,,Coureur,Raul Garcia Pierna,ESP,MOVISTAR TEAM,,
147,TRUE,15,Coureur,Ivan Romeo,ESP,MOVISTAR TEAM,,
148,TRUE,,Coureur,Einer Rubio,COL,MOVISTAR TEAM,,
149,FALSE,,Maillot,,,MOVISTAR TEAM,,
150,TRUE,55,Vélo,Bile Movistar,,MOVISTAR TEAM,,
151,TRUE,37/59,Coureur,Pablo Castrillo,ESP,MOVISTAR TEAM,,
152,TRUE,,Coureur,Roger Adria,ESP,MOVISTAR TEAM,,
153,TRUE,64/77,Coureur,Javier Romo,ESP,MOVISTAR TEAM,,
154,TRUE,,Coureur,Ivan Garcia Cortina ,ESP,MOVISTAR TEAM,,
155,TRUE,,Coureur,Lorenzo Milesi ,ITA,MOVISTAR TEAM,,
156,FALSE,,Coureur,,,MOVISTAR TEAM,,
157,TRUE,,Logo,Logo NSN,,NSN CYCLING TEAM,,
158,FALSE,,Equipe,,,NSN CYCLING TEAM,,
159,TRUE,,Coureur,Biniam Girmay,ERI,NSN CYCLING TEAM,⭐,
160,TRUE,,Coureur,Lewis Askey,,NSN CYCLING TEAM,,
161,FALSE,,Coureur,,,NSN CYCLING TEAM,,
162,TRUE,76,Coureur,Marco Frigo ,ITA,NSN CYCLING TEAM,,
163,TRUE,,Maillot,Maillot NSN,,NSN CYCLING TEAM,,
164,TRUE,,Vélo,Velo NSN,,NSN CYCLING TEAM,,
165,TRUE,,Coureur,Matis Louvel,FRA,NSN CYCLING TEAM,,
166,TRUE,,Coureur,Ryan Mullen ,IRL,NSN CYCLING TEAM,,
167,FALSE,,Coureur,,,NSN CYCLING TEAM,,
168,FALSE,,Coureur,,,NSN CYCLING TEAM,,
169,TRUE,,Coureur,Jake Stewart,GBR,NSN CYCLING TEAM,,
170,TRUE,42,Coureur,Tom Van Asbroeck,BEL,NSN CYCLING TEAM,,
171,TRUE,,Logo,Logo Red Bull,,RED BULL - BORA - HANSGROHE,,
172,TRUE,,Equipe,Team Red Bull,,RED BULL - BORA - HANSGROHE,,
173,FALSE,,Coureur,,,RED BULL - BORA - HANSGROHE,,
174,TRUE,79,Coureur,Daniel Felipe Martinez,COL,RED BULL - BORA - HANSGROHE,,
175,TRUE,,Coureur,Danny Van Poppel,NED,RED BULL - BORA - HANSGROHE,,
176,FALSE,,Coureur,,,RED BULL - BORA - HANSGROHE,,
177,TRUE,,Maillot,Maillot Red Bull,,RED BULL - BORA - HANSGROHE,,
178,TRUE,,Vélo,Vélo red bull ,,RED BULL - BORA - HANSGROHE,,
179,TRUE,,Coureur,Florian Lipowitz,GER,RED BULL - BORA - HANSGROHE,⭐,
180,FALSE,,Coureur,,,RED BULL - BORA - HANSGROHE,,
181,TRUE,54,Coureur,Giulio Pellizzari,ITA,RED BULL - BORA - HANSGROHE,⭐,
182,TRUE,36/73,Coureur,Jai Hindley,AUS,RED BULL - BORA - HANSGROHE,⭐,
183,TRUE,50/57,Coureur,Laurence Pithie,NZL,RED BULL - BORA - HANSGROHE,,
184,TRUE,,Coureur,Primoz Roglic,SVN,RED BULL - BORA - HANSGROHE,⭐,
185,TRUE,57/69,Logo,Logo Soudal,,SOUDAL QUICK STEP,,
186,FALSE,,Equipe,,,SOUDAL QUICK STEP,,
187,TRUE,,Coureur,Mikel Landa,ESP,SOUDAL QUICK STEP,,
188,FALSE,,Coureur,,,SOUDAL QUICK STEP,,
189,TRUE,67,Coureur,Valentin Paret Peintre ,FRA,SOUDAL QUICK STEP,⭐,
190,TRUE,,Coureur,Jasper Stuyven,BEL,SOUDAL QUICK STEP,,
191,TRUE,,Maillot,Maillot Soudal,,SOUDAL QUICK STEP,,
192,FALSE,,Vélo,,,SOUDAL QUICK STEP,,
193,FALSE,,Coureur,,,SOUDAL QUICK STEP,,
194,TRUE,54,Coureur,Bert Van Lerberghe,BEL,SOUDAL QUICK STEP,,
195,TRUE,63,Coureur,Ilan Van Wilder,BEL,SOUDAL QUICK STEP,,
196,TRUE,67,Coureur,Louis Vervaeke,BEL,SOUDAL QUICK STEP,,
197,TRUE,,Coureur,Maximilian Schachmann,GER,SOUDAL QUICK STEP,,
198,TRUE,50,Coureur,Yves Lampaert,BEL,SOUDAL QUICK STEP,,
199,TRUE,43/62,Logo,Logo Jayco,,TEAM JAYCO ALULA,,
200,TRUE,,Equipe,Team Jayco ,,TEAM JAYCO ALULA,,
201,TRUE,,Coureur,Ben O'Connor,AUS,TEAM JAYCO ALULA,⭐,
202,TRUE,,Coureur,Alessandro Covi,ITA,TEAM JAYCO ALULA,,
203,TRUE,44/76,Coureur,Michael Matthews,AUS,TEAM JAYCO ALULA,,
204,FALSE,,Coureur,,,TEAM JAYCO ALULA,,
205,TRUE,,Maillot,Maillot Jayco,,TEAM JAYCO ALULA,,
206,FALSE,,Vélo,,,TEAM JAYCO ALULA,,
207,TRUE,,Coureur,Luke Plapp ,AUS,TEAM JAYCO ALULA,,
208,FALSE,,Coureur,,,TEAM JAYCO ALULA,,
209,FALSE,,Coureur,,,TEAM JAYCO ALULA,,
210,FALSE,,Coureur,,,TEAM JAYCO ALULA,,
211,FALSE,,Coureur,,,TEAM JAYCO ALULA,,
212,TRUE,,Coureur,Koen Bouwman,NED,TEAM JAYCO ALULA,,
213,TRUE,69,Logo,Logo Pic Nic,,TEAM PICNIC POSTNL,,
214,TRUE,,Equipe,Team Pic Nic,,TEAM PICNIC POSTNL,,
215,TRUE,,Coureur,Pavel Bittner ,CZE,TEAM PICNIC POSTNL,,
216,TRUE,66,Coureur,Warren Barguil,FRA,TEAM PICNIC POSTNL,,
217,TRUE,,Coureur,Matthew Dinham,AUS,TEAM PICNIC POSTNL,,
218,TRUE,,Coureur,John Degenkolb,GER,TEAM PICNIC POSTNL,,
219,TRUE,,Maillot,Maillot Pic Nic,,TEAM PICNIC POSTNL,,
220,TRUE,61/71,Vélo,Velo picnic,,TEAM PICNIC POSTNL,,
221,TRUE,65,Coureur,Niklas Markl,GER,TEAM PICNIC POSTNL,,
222,TRUE,,Coureur,James Knox,GBR,TEAM PICNIC POSTNL,,
223,TRUE,,Coureur,Frank Van Den Broek,NED,TEAM PICNIC POSTNL,,
224,TRUE,72,Coureur,Julius Van Den Berg,NED,TEAM PICNIC POSTNL,,
225,TRUE,44/52,Coureur,Sean Flynn,GBR,TEAM PICNIC POSTNL,,
226,TRUE,45,Coureur,Bjorn Koerdt,GBR,TEAM PICNIC POSTNL,,
227,FALSE,,Logo,,,TEAM VISMA | LEASE A BIKE,,
228,FALSE,,Equipe,,,TEAM VISMA | LEASE A BIKE,,
229,TRUE,,Coureur,Jonas Vingegaard,DEN,TEAM VISMA | LEASE A BIKE,⭐,1
230,TRUE,,Coureur,Wout Van Aert ,BEL,TEAM VISMA | LEASE A BIKE,⭐,
231,TRUE,,Coureur,Sepp Kuss ,USA,TEAM VISMA | LEASE A BIKE,⭐,
232,TRUE,,Coureur,Matteo Jorgenson,USA,TEAM VISMA | LEASE A BIKE,⭐,
233,FALSE,,Maillot,,,TEAM VISMA | LEASE A BIKE,,
234,TRUE,,Vélo,Velo Visma!,,TEAM VISMA | LEASE A BIKE,⭐,
235,TRUE,,Coureur,Christophe Laporte ,FRA,TEAM VISMA | LEASE A BIKE,,
236,TRUE,41,Coureur,Ben Tulett,GBR,TEAM VISMA | LEASE A BIKE,⭐,
237,FALSE,,Coureur,,,TEAM VISMA | LEASE A BIKE,,
238,TRUE,63,Coureur,Bruno Amirail,FRA,TEAM VISMA | LEASE A BIKE,⭐,
239,TRUE,,Coureur,Wilco Kelderman,NED,TEAM VISMA | LEASE A BIKE,,
240,TRUE,,Coureur,Edoardo Affini ,ITA,TEAM VISMA | LEASE A BIKE,⭐,
241,FALSE,,Logo,,,UAE TEAM EMIRATES - XRG,,
242,TRUE,,Equipe,Team UAE,,UAE TEAM EMIRATES - XRG,⭐,
243,TRUE,,Coureur,Tadej Pogacar ,SVN,UAE TEAM EMIRATES - XRG,⭐,3
244,TRUE,37,Coureur,Adam Yates,GBR,UAE TEAM EMIRATES - XRG,⭐,
245,TRUE,45,Coureur,Isaac Del Toro,MEX,UAE TEAM EMIRATES - XRG,⭐,
246,FALSE,,Coureur,,,UAE TEAM EMIRATES - XRG,,
247,TRUE,,Maillot,Maillot UAE,,UAE TEAM EMIRATES - XRG,⭐,
248,TRUE,,Vélo,Velo UAE,,UAE TEAM EMIRATES - XRG,⭐,
249,TRUE,53/71,Coureur,Marc Soler,ESP,UAE TEAM EMIRATES - XRG,⭐,
250,TRUE,,Coureur,Pavel Sivakov,FRA,UAE TEAM EMIRATES - XRG,,
251,TRUE,,Coureur,Tim Wellens,BEL,UAE TEAM EMIRATES - XRG,⭐,
252,FALSE,,Coureur,,,UAE TEAM EMIRATES - XRG,,
253,TRUE,,Coureur,Florian Vermeersch,BEL,UAE TEAM EMIRATES - XRG,,
254,TRUE,27/39,Coureur,Nils Politt,GER,UAE TEAM EMIRATES - XRG,,
255,TRUE,41,Logo,Logo Uno,,UNO - X MOBILITY,,
256,TRUE,,Equipe,Team Uno,,UNO - X MOBILITY,,
257,TRUE,,Coureur,Tobias Halland Johannessen ,NOR,UNO - X MOBILITY,,
258,FALSE,,Coureur,,,UNO - X MOBILITY,,
259,TRUE,,Coureur,Magnus Cort,DEN,UNO - X MOBILITY,,
260,TRUE,80,Coureur,Soren Waerenskjold,NOR,UNO - X MOBILITY,,
261,TRUE,48,Maillot,Maillot Uno,,UNO - X MOBILITY,,
262,TRUE,32/48/71,Vélo,Velo Uno,,UNO - X MOBILITY,,
263,TRUE,60,Coureur,Markus Hoelgaard,NOR,UNO - X MOBILITY,,
264,FALSE,,Coureur,,,UNO - X MOBILITY,,
265,TRUE,,Coureur,Frederik Dversnes,NOR,UNO - X MOBILITY,,
266,TRUE,59/73,Coureur,Anthon Charmig,DEN,UNO - X MOBILITY,,
267,TRUE,,Coureur,Johannes Kulset ,NOR,UNO - X MOBILITY,,
268,TRUE,,Coureur,Sndreas Kron,DEN,UNO - X MOBILITY,,
269,TRUE,47,Logo,Logo Astana,,XDS ASTANA TEAM,,
270,TRUE,,Equipe,Team Astana,,XDS ASTANA TEAM,,
271,FALSE,,Coureur,,,XDS ASTANA TEAM,,
272,TRUE,48,Coureur,Mike Teunissen ,NED,XDS ASTANA TEAM,,
273,TRUE,,Coureur,Aaron Gate,NZL,XDS ASTANA TEAM,,
274,TRUE,74/79,Coureur,Max Kanter,GER,XDS ASTANA TEAM,,
275,TRUE,,Maillot,Maillot Astana,,XDS ASTANA TEAM,,
276,TRUE,59,Vélo,Velo Astana,,XDS ASTANA TEAM,,
277,FALSE,,Coureur,,,XDS ASTANA TEAM,,
278,TRUE,58,Coureur,Simone Velasco,ITA,XDS ASTANA TEAM,,
279,TRUE,4/53/75,Coureur,Nicola Conci,ITA,XDS ASTANA TEAM,,
280,TRUE,,Coureur,Cristian Rodriguez,ESP,XDS ASTANA TEAM,,
281,TRUE,,Coureur,Florian Kajamini,ITA,XDS ASTANA TEAM,,
282,TRUE,,Coureur,Darren Van Bekkum,NED,XDS ASTANA TEAM,,
283,TRUE,45,Logo,Logo TDF Femmes,,,⭐,
T26,FALSE,,Coureuse,,,,,
T27,FALSE,,Coureuse,,,,,
T28,FALSE,,Coureuse,,,,,
T29,FALSE,,Coureuse,,,,,
284,TRUE,,Coureuse,Kim Le court Pienaar,MRI,AG INSURANCE - SOUDAL TEAM,,
285,TRUE,48/53,Coureuse,Justine Ghekiere,BEL,AG INSURANCE - SOUDAL TEAM,,
286,TRUE,70,Coureuse,Sarag Gigante,AUS,AG INSURANCE - SOUDAL TEAM,,
287,TRUE,,Coureuse,Kasia Niedwiadoma-Phinney,POL,CANYON // SRAM ZONDACRYPTO,,
288,TRUE,,Coureuse,Zoe Bäckstedt,GBR,CANYON // SRAM ZONDACRYPTO,,
289,TRUE,,Coureuse,Chiara Consonni ,ITA,CANYON // SRAM ZONDACRYPTO,,
290,FALSE,,Coureuse,,,EF EDUCATION - OATLY,,
291,TRUE,75,Coureuse,Magdeleine Vallieres-Mill,CAN,EF EDUCATION - OATLY,,
292,TRUE,,Coureuse,Noemi Ruegg,SUI,EF EDUCATION - OATLY,,
293,TRUE,,Coureuse,Demi Vollering,NED,FDJ UNITED SUEZ,⭐,
294,TRUE,,Coureuse,Juliette Berthet ,FRA,FDJ UNITED SUEZ,,
295,TRUE,51,Coureuse,Evita Muzic,FRA,FDJ UNITED SUEZ,,
296,TRUE,,Coureuse,Puck Pieterse,NED,FENIX - PREMIER TECH,,
297,TRUE,,Coureuse,Charlotte Kool,NED,FENIX - PREMIER TECH,,
298,TRUE,39,Coureuse,Christina Schweinberger,AUT,FENIX - PREMIER TECH,,
299,TRUE,,Coureuse,Barbara Malcotti,ITA,HUMAN POWERED HEALTH,,
300,TRUE,,Coureuse,Lily Williams,USA,HUMAN POWERED HEALTH,,
301,TRUE,75,Coureuse,Titia Ryo,FRA ,HUMAN POWERED HEALTH,,
302,FALSE,,Coureuse,,,LIDL - TREK,,
303,TRUE,,Coureuse,Elisa Balsamo,ITA,LIDL - TREK,,
304,TRUE,49,Coureuse,Riejanne Markus,NED,LIDL - TREK,,
305,FALSE,,Coureuse,,,LIV - ALULA - JAYCO,,
306,TRUE,,Coureuse,Silke Smulders,NED,LIV - ALULA - JAYCO,,
307,TRUE,,Coureuse,Ella Wyllie,NZL,LIV - ALULA - JAYCO,,
308,TRUE,59,Coureuse,Marlen Reusser,SUI,MOVIESTAR TEAM,,
309,FALSE,,Coureuse,,,MOVIESTAR TEAM,,
310,TRUE,28/50/78,Coureuse,Tota Magalhaes,BRA,MOVIESTAR TEAM,,
311,TRUE,50,Coureuse,Eleonora Ciabocco,ITA,TEAM PICNIC POSTNL,,
312,TRUE,,Coureuse,Pfeiffer Georgi,GBR,TEAM PICNIC POSTNL,,
313,TRUE,,Coureuse,Rachele Barbieri,ITA,TEAM PICNIC POSTNL,,
314,FALSE,,Coureuse,,,TEAM SD WORX - PROTIME,,
315,TRUE,,Coureuse,Lorena Wiebes,NED,TEAM SD WORX - PROTIME,,
316,FALSE,,Coureuse,,,TEAM SD WORX - PROTIME,,
317,TRUE,,Coureuse,Pauline Ferrand Prévôt ,FRA,TEAM VISMA | LEASE A BIKE,⭐,
318,TRUE,,Coureuse,Marianne Vos,NED,TEAM VISMA | LEASE A BIKE,⭐,
319,FALSE,,Coureuse,,,TEAM VISMA | LEASE A BIKE,,
320,FALSE,,Coureuse,,,UAE TEAM ADQ,,
321,TRUE,40/64,Coureuse,Mavi Garcia,ESP,UAE TEAM ADQ,,
322,TRUE,,Coureuse,Pauliena Rooijakkers,NED,UAE TEAM ADQ,,
323,TRUE,,Coureuse,Katrine Aalerud,NOR,UNO - X MOBILITY,,
324,TRUE,37/73,Coureuse,Mie Bjorndal Ottestad,NOR,UNO - X MOBILITY,,
325,TRUE,,Coureuse,Linda Zanetti,,UNO - X MOBILITY,,